model,accuracy,f1,auc
static_rule,0.7770833333333333,0.7922330097087379,0.9650554323725056
advanced_bandit,0.83125,0.8272921108742004,0.9649667405764967
